fname,lname,phone,email,password,course
Rebbecca,Didio,30817409123,rebbecca.didio@didio.com.au,,BBA
Stevie,Hallo,70999703366,stevie.hallo@hotmail.com,,B.COM
Mariko,Stayer,80555809019,mariko_stayer@hotmail.com,,BCA
Gerardo,Woodka,20604404682,gerardo_woodka@hotmail.com,,BBA
Mayra,Bena,20145506085,mayra.bena@gmail.com,,B.COM
Idella,Scotland,80786801355,idella@hotmail.com,,BCA
Sherill,Klar,80652208931,sklar@hotmail.com,,BBA
Ena,Desjardiws,20522609402,ena_desjardiws@desjardiws.com.au,,B.COM
Vince,Siena,70318409989,vince_siena@yahoo.com,,BCA
Theron,Jarding,80689004661,tjarding@hotmail.com,,BBA
Amira,Chudej,70813503271,amira.chudej@chudej.net.au,,B.COM
Marica,Tarbor,30117406817,marica.tarbor@hotmail.com,,BCA
Shawna,Albrough,70797706039,shawna.albrough@albrough.com.au,,BBA
Paulina,Maker,80834408929,paulina_maker@maker.net.au,,B.COM
Rose,Jebb,70494109471,rose@jebb.net.au,,BCA
Reita,Tabar,20351807078,rtabar@hotmail.com,,BBA
Maybelle,Bewley,70938707293,mbewley@yahoo.com,,B.COM
Camellia,Pylant,20517104345,camellia_pylant@gmail.com,,BCA
Roy,Nybo,20531107778,rnybo@nybo.net.au,,BBA
Albert,Sonier,70935402612,albert.sonier@gmail.com,,B.COM
Hayley,Taghon,20163804380,htaghon@taghon.net.au,,BCA
Norah,Daleo,20532206127,ndaleo@daleo.net.au,,BBA
Rosina,Sidhu,70646004488,rosina_sidhu@gmail.com,,B.COM
Royal,Costeira,70533806357,royal_costeira@costeira.com.au,,BCA
Barrie,Nicley,30644302786,bnicley@nicley.com.au,,BBA
Linsey,Gedman,70478503781,lgedman@gedman.net.au,,B.COM
Laura,Bourbonnais,30654306688,laura.bourbonnais@yahoo.com,,BCA
Fanny,Stoneking,70372109123,fstoneking@hotmail.com,,BBA
Kristian,Ellerbusch,80274801250,kristian@yahoo.com,,B.COM
Gwen,Julye,30706306734,gjulye@hotmail.com,,BCA
Ben,Majorga,20817109051,ben.majorga@hotmail.com,,BBA
Trina,Oto,70115308567,trina@oto.com.au,,B.COM
Emelda,Geffers,80709703947,emelda.geffers@gmail.com,,BCA
Zana,Ploszaj,70799108880,zana_ploszaj@ploszaj.net.au,,BBA
Shaun,Rael,30899805485,shaun.rael@rael.com.au,,B.COM
Oren,Lobosco,20504601307,olobosco@hotmail.com,,BCA
Catherin,Aguele,70647601399,caguele@gmail.com,,BBA
Pearlene,Boudrie,70446307223,pboudrie@boudrie.net.au,,B.COM
Kathryn,Bonalumi,80307102258,kathryn.bonalumi@yahoo.com,,BCA
Suzan,Landa,70157601412,suzan.landa@gmail.com,,BBA
Sommer,Agar,80913003372,sagar@agar.net.au,,B.COM
Keena,Rebich,20497203570,krebich@rebich.net.au,,BCA
Rupert,Hinkson,20716002066,rupert_hinkson@hinkson.net.au,,BBA
Aleta,Poarch,30269101298,apoarch@gmail.com,,B.COM
Jamal,Korczynski,20387709654,jamal_korczynski@gmail.com,,BCA
Luz,Broccoli,70267901774,luz_broccoli@hotmail.com,,BBA
Janessa,Ruthers,20236706845,janessa@yahoo.com,,B.COM
Lavonne,Esco,30347402120,lavonne.esco@yahoo.com,,BCA
Honey,Lymaster,70808702603,honey_lymaster@lymaster.net.au,,BBA
Jean,Cecchinato,80526302786,jean.cecchinato@gmail.com,,B.COM
Katlyn,Flitcroft,70177809968,kflitcroft@hotmail.com,,BCA
Cassie,Soros,80266606390,csoros@gmail.com,,BBA
Rolf,Gene,20445802810,rolf_gene@gene.com.au,,B.COM
Darnell,Moothart,20399609188,darnell_moothart@yahoo.com,,BCA
Cherilyn,Fraize,20487301914,cherilyn_fraize@fraize.net.au,,BBA
Lynda,Lazzaro,30493304205,lynda.lazzaro@gmail.com,,B.COM
Leigha,Capelli,70482309785,leigha.capelli@capelli.com.au,,BCA
Delfina,Binnie,80369205784,delfina_binnie@binnie.net.au,,BBA
Carlota,Gephardt,20507804389,carlota.gephardt@gephardt.com.au,,B.COM
Alida,Helger,70164203251,alida@helger.com.au,,BCA
Donte,Resureccion,70237306048,donte.resureccion@yahoo.com,,BBA
Lou,Kriner,20732803350,lou.kriner@hotmail.com,,B.COM
Dortha,Vrieze,30198106209,dortha@vrieze.net.au,,BCA
Genevive,Sanborn,20624605711,genevive@hotmail.com,,BBA
Alease,Strawbridge,70376001546,alease_strawbridge@strawbridge.com.au,,B.COM
Veda,Mishkin,70603402422,veda.mishkin@mishkin.com.au,,BCA
Craig,Vandersloot,20548707528,craig_vandersloot@yahoo.com,,BBA
Lauran,Tovmasyan,20254605344,ltovmasyan@tovmasyan.net.au,,B.COM
Aaron,Kloska,70989604827,aaron_kloska@kloska.net.au,,BCA
Francene,Skursky,20594103178,francene.skursky@skursky.net.au,,BBA
Zena,Daria,30282208156,zdaria@gmail.com,,B.COM
Brigette,Breckenstein,30572203451,brigette@breckenstein.com.au,,BCA
Jeniffer,Jezek,30326805102,jeniffer@gmail.com,,BBA
Selma,Elm,30918309493,selm@elm.net.au,,B.COM
Elenora,Handler,80567103318,ehandler@yahoo.com,,BCA
Nadine,Okojie,80974602341,nadine.okojie@okojie.com.au,,BBA
Kristin,Shiflet,30452907210,kristin@hotmail.com,,B.COM
Melinda,Fellhauer,30438703800,melinda_fellhauer@fellhauer.com.au,,BCA
Kirby,Litherland,70528403845,kirby.litherland@hotmail.com,,BBA
Kent,Ivans,70866104016,kent_ivans@yahoo.com,,B.COM
Dan,Platz,70430601623,dan_platz@hotmail.com,,BCA
Millie,Pirkl,30602302680,millie_pirkl@gmail.com,,BBA
Moira,Qadir,80768704883,moira.qadir@gmail.com,,B.COM
Reta,Qazi,30197409948,reta.qazi@yahoo.com,,BCA
Brittney,Lolley,30407207094,brittney@lolley.net.au,,BBA
Leandro,Bolka,30815704609,leandro_bolka@hotmail.com,,B.COM
Edison,Sumera,80911401763,edison.sumera@sumera.net.au,,BCA
Breana,Cassi,30230508627,breana@yahoo.com,,BBA
Jarvis,Nicols,80211705217,jarvis@gmail.com,,B.COM
Felicitas,Orlinski,30245101896,felicitas_orlinski@orlinski.com.au,,BCA
Geraldine,Neisius,30824302999,geraldine@gmail.com,,BBA
Alfred,Pacleb,80945007978,alfred@pacleb.net.au,,B.COM
Leatha,Block,80763508350,leatha_block@gmail.com,,BCA
Jacquelyne,Rosso,20456506425,jacquelyne.rosso@yahoo.com,,BBA
Jonelle,Epps,70808508351,jepps@hotmail.com,,B.COM
Rosamond,Amlin,20800705034,rosamond.amlin@gmail.com,,BCA
Johnson,Mcenery,20171804983,johnson@gmail.com,,BBA
Elliot,Scatton,20364709507,elliot.scatton@hotmail.com,,B.COM
Gerri,Perra,70601907861,gerri@yahoo.com,,BCA
Rosendo,Jelsma,80771204785,rosendo_jelsma@hotmail.com,,BBA
Eveline,Brickhouse,30951709800,eveline@yahoo.com,,B.COM
Laurene,Bennett,80296902908,laurene_bennett@gmail.com,,BCA
Tegan,Ebershoff,20660409720,tegan_ebershoff@hotmail.com,,BBA
Tracie,Huro,70195106787,thuro@gmail.com,,B.COM
Mertie,Kazeck,80547506162,mertie.kazeck@kazeck.com.au,,BCA
Clare,Bortignon,80925606135,clare_bortignon@hotmail.com,,BBA
Rebeca,Baley,20704907728,rebeca_baley@hotmail.com,,B.COM
Nilsa,Pawell,70899708513,npawell@pawell.net.au,,BCA
Samuel,Arellanes,20799506787,samuel.arellanes@arellanes.net.au,,BBA
Ivette,Servantes,30980109429,ivette_servantes@servantes.com.au,,B.COM
Merrilee,Fajen,70910401459,merrilee@fajen.net.au,,BCA
Gianna,Eilers,30432805253,gianna@yahoo.com,,BBA
Hyman,Phinazee,80575609456,hphinazee@yahoo.com,,B.COM
Buck,Pascucci,80927901731,buck@yahoo.com,,BCA
Kenny,Leicht,30624008274,kenny@leicht.com.au,,BBA
Tabetha,Bai,70681306477,tabetha.bai@gmail.com,,B.COM
Alonso,Popper,30703607071,alonso_popper@hotmail.com,,BCA
Alonzo,Polek,30240307167,alonzo_polek@polek.net.au,,BBA
Son,Magnotta,20237607653,son.magnotta@magnotta.net.au,,B.COM
Jesusita,Druck,80360503943,jesusita@druck.net.au,,BCA
Annice,Kunich,20676906153,annice_kunich@kunich.net.au,,BBA
Delila,Buchman,80179107668,delila.buchman@hotmail.com,,B.COM
Iraida,Sionesini,30481205654,iraida.sionesini@yahoo.com,,BCA
Alona,Driesenga,80677704159,alona_driesenga@hotmail.com,,BBA
Lajuana,Vonderahe,30566102424,lajuana.vonderahe@yahoo.com,,B.COM
Madelyn,Maestri,20212908131,madelyn.maestri@yahoo.com,,BCA
Louann,Susmilch,70503504889,louann_susmilch@yahoo.com,,BBA
William,Devol,70496305297,wdevol@devol.net.au,,B.COM
Corazon,Grafenstein,80162407236,cgrafenstein@gmail.com,,BCA
Fairy,Burket,80915907562,fairy_burket@burket.com.au,,BBA
Lashawn,Urion,20479406673,lurion@yahoo.com,,B.COM
Ronald,Gayner,30773409557,rgayner@hotmail.com,,BCA
Shizue,Hayduk,30229709891,shayduk@gmail.com,,BBA
Nida,Fitz,70744502572,nfitz@hotmail.com,,B.COM
Amos,Limberg,30453909131,alimberg@limberg.com.au,,BCA
Dexter,Prosienski,30245406523,dexter@prosienski.net.au,,BBA
Ludivina,Calamarino,70537804498,lcalamarino@yahoo.com,,B.COM
Ariel,Stavely,30651004788,ariel_stavely@stavely.com.au,,BCA
Haley,Vaughn,30703506484,haley_vaughn@vaughn.net.au,,BBA
Raelene,Legeyt,30487801766,raelene@gmail.com,,B.COM
Micaela,Shiflett,80885608589,micaela_shiflett@shiflett.com.au,,BCA
Alpha,Prudhomme,70905308045,aprudhomme@hotmail.com,,BBA
Zack,Warman,80994802940,zwarman@gmail.com,,B.COM
Wilford,Pata,70744502538,wilford_pata@pata.net.au,,BCA
Carman,Robasciotti,30157009956,carman_robasciotti@hotmail.com,,BBA
Carylon,Bayot,30885807088,carylon@gmail.com,,B.COM
Gladys,Schmale,80456402338,gschmale@schmale.net.au,,BCA
Matilda,Peleg,30113005685,matilda.peleg@hotmail.com,,BBA
Jacklyn,Wojnar,20628708787,jacklyn@hotmail.com,,B.COM
Tashia,Charney,70765905711,tashia.charney@charney.net.au,,BCA
Dorian,Eischens,20773906600,deischens@gmail.com,,BBA
Jesus,Merkt,30934109757,jesus_merkt@merkt.net.au,,B.COM
Brandee,Svoboda,80361405966,brandee_svoboda@svoboda.net.au,,BCA
Edda,Mcquaide,30146508645,emcquaide@yahoo.com,,BBA
Felix,Bumby,30143103996,felix.bumby@bumby.com.au,,B.COM
Ben,Kellman,20796809243,ben_kellman@kellman.net.au,,BCA
Mickie,Upton,70764705420,mickie.upton@yahoo.com,,BBA
Phung,Krome,30961705392,pkrome@yahoo.com,,B.COM
Lashonda,Langanke,30983807533,lashonda@langanke.net.au,,BCA
Patria,Popa,20652203993,patria.popa@gmail.com,,BBA
Nidia,Horr,70844108214,nidia@gmail.com,,B.COM
Skye,Culcasi,30907503104,skye_culcasi@hotmail.com,,BCA
Kanisha,Reyelts,30292108418,kreyelts@yahoo.com,,BBA
Hector,Barras,30301708394,hector.barras@barras.com.au,,B.COM
Stefan,Mongolo,80456306214,stefan_mongolo@mongolo.net.au,,BCA
Francoise,Byon,80391409404,francoise@hotmail.com,,BBA
Lindy,Vandermeer,70940709202,lindy@vandermeer.com.au,,B.COM
Arthur,Diniz,30251703453,arthur@gmail.com,,BCA
Nicholle,Hulme,70714404719,nicholle_hulme@hulme.com.au,,BBA
Tijuana,Mesch,70141509307,tijuana_mesch@gmail.com,,B.COM
Lorenza,Schoenleber,80808107779,lorenza.schoenleber@schoenleber.com.au,,BCA
Iola,Baird,80232505905,ibaird@baird.net.au,,BBA
Sang,Weigner,30891205755,sweigner@gmail.com,,B.COM
Leonor,Prez,20746308776,lprez@prez.com.au,,BCA
Silvana,Whelpley,30517506193,swhelpley@yahoo.com,,BBA
Anthony,Stever,70709208542,anthony.stever@hotmail.com,,B.COM
Wenona,Carmel,20283201545,wenona@gmail.com,,BCA
Isadora,Yurick,70959506042,iyurick@hotmail.com,,BBA
Mose,Vonseggern,70576908004,mose_vonseggern@hotmail.com,,B.COM
Marci,Aveline,80334203889,marci.aveline@hotmail.com,,BCA
Michel,Hoyne,80618309260,michel@hoyne.com.au,,BBA
Stephania,Connon,20572505992,stephania.connon@connon.com.au,,B.COM
Charolette,Turk,80473505054,cturk@yahoo.com,,BCA
Katie,Magro,20726509702,katie_magro@gmail.com,,BBA
Inocencia,Angeron,30626802647,inocencia.angeron@angeron.net.au,,B.COM
Nikita,Novosel,30571601053,nikita_novosel@novosel.net.au,,BCA
Malcolm,Gohlke,70982603950,malcolm@yahoo.com,,BBA
Desiree,Englund,80528904594,denglund@gmail.com,,B.COM
Holley,Worland,20988509593,holley.worland@hotmail.com,,BCA
Maryann,Tates,80152004093,mtates@yahoo.com,,BBA
Ling,Dibello,70133006750,ling_dibello@yahoo.com,,B.COM
Hailey,Kopet,70379901667,hailey_kopet@kopet.com.au,,BCA
Farrah,Malboeuf,30713906376,farrah@malboeuf.com.au,,BBA
Candra,Deritis,30423103633,candra@deritis.net.au,,B.COM
Reuben,Hegland,20140205215,reuben@yahoo.com,,BCA
Anglea,Andrion,70323902830,anglea.andrion@andrion.com.au,,BBA
Paris,Tuccio,80886802010,paris.tuccio@hotmail.com,,B.COM
Latricia,Schmoyer,80544403296,latricia_schmoyer@hotmail.com,,BCA
Jeffrey,Leuenberger,80126704421,jleuenberger@yahoo.com,,BBA
Dean,Vollstedt,30677601146,dvollstedt@vollstedt.com.au,,B.COM
Deane,Haag,20971802944,dhaag@hotmail.com,,BCA
Edelmira,Pedregon,80848403223,edelmira_pedregon@hotmail.com,,BBA
Andrew,Keks,30525103153,andrew@gmail.com,,B.COM
Miesha,Decelles,30518506258,mdecelles@decelles.net.au,,BCA
Javier,Osmer,30836906924,javier@osmer.com.au,,BBA
Kizzy,Stangle,80193703980,kizzy.stangle@yahoo.com,,B.COM
Sharan,Wodicka,80471202157,sharan@wodicka.net.au,,BCA
Novella,Fritch,20261201455,nfritch@fritch.com.au,,BBA
German,Dones,20239303289,german@gmail.com,,B.COM
Robt,Blanck,30651709318,robt.blanck@yahoo.com,,BCA
Rossana,Biler,80985502125,rossana.biler@biler.net.au,,BBA
Henriette,Gish,30993505135,henriette.gish@gish.net.au,,B.COM
Buffy,Stitely,30160005230,buffy_stitely@stitely.com.au,,BCA
Christiane,Osmanski,80969309052,christiane@gmail.com,,BBA
Annamae,Lothridge,20191903941,alothridge@hotmail.com,,B.COM
Vanesa,Glockner,70705204547,vanesa@glockner.com.au,,BCA
Gennie,Pastorino,80475302870,gennie.pastorino@gmail.com,,BBA
Tamra,Kenfield,80561409153,tkenfield@kenfield.com.au,,B.COM
Tien,Kinney,30776706169,tien_kinney@kinney.com.au,,BCA
Malcom,Leja,30247709133,malcom@leja.com.au,,BBA
Claudia,Gawrych,20424603092,claudia@gmail.com,,B.COM
Page,Entzi,30248405500,page@entzi.net.au,,BCA
Lorita,Roches,80235803115,lorita_roches@roches.net.au,,BBA
Annita,Lek,80338403181,annita.lek@lek.net.au,,B.COM
Eliseo,Mikovec,20982902371,emikovec@mikovec.com.au,,BCA
Tyisha,Layland,80215806758,tyisha@yahoo.com,,BBA
Colene,Tolbent,20437601104,colene.tolbent@tolbent.net.au,,B.COM
Francis,Senters,30593307288,fsenters@gmail.com,,BCA
Hester,Dollins,20162206412,hester_dollins@gmail.com,,BBA
Susana,Baumgarter,20541005137,susana.baumgarter@yahoo.com,,B.COM
Dahlia,Tummons,30821608640,dahlia.tummons@gmail.com,,BCA
Osvaldo,Falvey,70485405045,osvaldo.falvey@yahoo.com,,BBA
Armando,Barkley,80816108201,armando.barkley@yahoo.com,,B.COM
Torie,Deras,70837104719,torie_deras@yahoo.com,,BCA
Tamie,Hollimon,80704605484,tamie@hollimon.com.au,,BBA
Lettie,Hessenthaler,30585505156,lettie_hessenthaler@hessenthaler.net.au,,B.COM
Chaya,Muhlbauer,80594304352,chaya_muhlbauer@muhlbauer.net.au,,BCA
Terina,Wildeboer,30910707349,terina_wildeboer@wildeboer.com.au,,BBA
Lisbeth,Agney,80118404145,lisbeth.agney@agney.net.au,,B.COM
Lillian,Dominique,70359406592,lillian@hotmail.com,,BCA
Corrina,Lindblom,80791505110,clindblom@gmail.com,,BBA
Dylan,Chaleun,70231902889,dylan_chaleun@hotmail.com,,B.COM
Jerrod,Luening,20955409632,jerrod_luening@luening.com.au,,BCA
Gracie,Vicente,30244408291,gracie.vicente@hotmail.com,,BBA
Barabara,Amedro,20344906894,barabara@amedro.net.au,,B.COM
Delsie,Ducos,30136108465,dducos@hotmail.com,,BCA
Cassie,Digregorio,20792205417,cdigregorio@digregorio.net.au,,BBA
Tamekia,Kajder,20749808576,tamekia_kajder@yahoo.com,,B.COM
Johanna,Saffer,20597001748,johanna@yahoo.com,,BCA
Sharita,Kruk,20738604544,sharita_kruk@gmail.com,,BBA
Gerald,Chrusciel,70744606315,gerald@chrusciel.net.au,,B.COM
Ardella,Dieterich,70358109462,ardella.dieterich@yahoo.com,,BCA
Jackie,Kellebrew,70984006419,jackie.kellebrew@kellebrew.com.au,,BBA
Mabelle,Ramero,70885706463,mabelle.ramero@ramero.net.au,,B.COM
Jonell,Biasi,20509502983,jbiasi@biasi.net.au,,BCA
Linwood,Wessner,30605302447,linwood.wessner@hotmail.com,,BBA
Samira,Heninger,70951202457,sheninger@yahoo.com,,B.COM
Julieta,Cropsey,70421706258,julieta@yahoo.com,,BCA
Serita,Barthlow,80294107378,serita_barthlow@gmail.com,,BBA
Tori,Tepley,20249301870,tori@tepley.net.au,,B.COM
Nancey,Whal,20324803283,nancey@whal.net.au,,BCA
Wilbert,Beckes,70917806430,wilbert@hotmail.com,,BBA
Werner,Hermens,30908505714,whermens@hermens.net.au,,B.COM
Sunny,Catton,70121709907,scatton@catton.com.au,,BCA
Keva,Moehring,20918704769,keva.moehring@moehring.net.au,,BBA
Mary,Dingler,70396304469,mary.dingler@gmail.com,,B.COM
Huey,Bukovac,80523602143,huey.bukovac@hotmail.com,,BCA
Antonio,Eighmy,30614407318,antonio.eighmy@yahoo.com,,BBA
Quinn,Weissbrodt,20723909923,qweissbrodt@weissbrodt.com.au,,B.COM
Carin,Georgiades,80834303550,cgeorgiades@gmail.com,,BCA
Jill,Davoren,70169809047,jill_davoren@davoren.net.au,,BBA
Sanjuana,Goodness,20220802711,sgoodness@goodness.net.au,,B.COM
Elin,Koerner,80522109700,elin_koerner@koerner.com.au,,BCA
Charlena,Decamp,80761502416,charlena@gmail.com,,BBA
Annette,Breyer,70541709612,abreyer@hotmail.com,,B.COM
Alexis,Morguson,80189501457,amorguson@morguson.com.au,,BCA
Princess,Saffo,20265606234,princess_saffo@hotmail.com,,BBA
Ashton,Sutherburg,30921503224,asutherburg@gmail.com,,B.COM
Elmer,Redlon,20107504690,elmer@hotmail.com,,BCA
Aliza,Akiyama,20932407803,aliza@yahoo.com,,BBA
Ora,Handrick,30835704617,ora.handrick@gmail.com,,B.COM
Brent,Ahlborn,80456309520,bahlborn@ahlborn.com.au,,BCA
Tora,Telch,80880808104,tora@telch.net.au,,BBA
Hildred,Eilbeck,80292204115,hildred_eilbeck@eilbeck.net.au,,B.COM
Dante,Freiman,70196404238,dante_freiman@freiman.net.au,,BCA
Emmanuel,Avera,20198708525,emmanuel@yahoo.com,,BBA
Keshia,Wasp,80168309243,kwasp@wasp.net.au,,B.COM
Sherman,Mahmud,20262103361,sherman@mahmud.com.au,,BCA
Lore,Brothers,30878003473,lore@hotmail.com,,BBA
Shawn,Weibe,30948009611,shawn@hotmail.com,,B.COM
Karima,Cheever,20597708561,karima_cheever@hotmail.com,,BCA
Francesco,Kloos,80168704873,fkloos@kloos.com.au,,BBA
King,Picton,80760502080,king@hotmail.com,,B.COM
Mica,Simco,70103703391,msimco@gmail.com,,BCA
Lamonica,Princiotta,80522702620,lamonica@hotmail.com,,BBA
Curtis,Ware,80627809532,curtis@ware.net.au,,B.COM
Sabrina,Rabena,30566203542,sabrina_rabena@hotmail.com,,BCA
Denae,Saeteun,30280207434,denae_saeteun@hotmail.com,,BBA
Anastacia,Carranzo,20607803417,anastacia@yahoo.com,,B.COM
Irving,Plocica,30905002741,irving@hotmail.com,,BCA
Elenor,Siefken,70508508138,elenor.siefken@yahoo.com,,BBA
Mary,Irene,80801206469,mirene@gmail.com,,B.COM
Crista,Padua,20947205814,crista_padua@gmail.com,,BCA
Lawana,Yuasa,30232403472,lawana_yuasa@yuasa.net.au,,BBA
Maryrose,Cove,20801008344,mcove@hotmail.com,,B.COM
Lindsey,Rathmann,80126901489,lindsey_rathmann@rathmann.com.au,,BCA
Lynelle,Koury,30521308219,lynelle.koury@koury.net.au,,BBA
Brice,Bogacz,80520302193,bbogacz@hotmail.com,,B.COM
Laine,Killean,30281306426,laine@gmail.com,,BCA
Rachael,Crawley,80208908553,rachael@gmail.com,,BBA
Della,Selestewa,20488508382,della.selestewa@gmail.com,,B.COM
Thomasena,Graziosi,80484904417,thomasena@gmail.com,,BCA
Frederic,Schimke,30482905695,fschimke@schimke.com.au,,BBA
Halina,Dellen,80674202308,halina.dellen@dellen.com.au,,B.COM
Ryann,Riston,70992003550,ryann@hotmail.com,,BCA
Shawn,Vugteveen,70310308372,svugteveen@vugteveen.net.au,,BBA
Leah,Milsap,80404009192,leah@milsap.com.au,,B.COM
Ira,Zihal,70472409987,ira.zihal@yahoo.com,,BCA
Paris,Kinnison,70451804450,paris.kinnison@gmail.com,,BCA
Shayne,Sundahl,80858701196,shayne.sundahl@gmail.com,,BCA
Ernestine,Paavola,80114006357,ernestine.paavola@paavola.com.au,,BCA
Eleonore,Everline,30535505505,eeverline@hotmail.com,,BCA
Misty,Leriche,70548601002,mleriche@yahoo.com,,BCA
Na,Hodges,80821501588,na_hodges@hotmail.com,,BCA
Juan,Knudtson,30917306140,juan@gmail.com,,BCA
Gerald,Kloepper,70429704607,gerald@yahoo.com,,BCA
Desmond,Tarkowski,70679305954,desmond_tarkowski@hotmail.com,,BCA
Tommy,Gennusa,20544401961,tommy@hotmail.com,,BCA
Adrianna,Poncio,70611309653,adrianna@poncio.com.au,,BCA
Adaline,Galagher,20322501954,adaline.galagher@galagher.com.au,,BCA
Tammi,Schiavi,80970702679,tammi.schiavi@hotmail.com,,BCA
Virgilio,Phay,80814709584,vphay@phay.com.au,,BCA
Emeline,Sotelo,70724006480,emeline@gmail.com,,BCA
Marcos,Seniff,30634005010,marcos_seniff@gmail.com,,BCA
Yuonne,Carabajal,80743204632,ycarabajal@carabajal.com.au,,BCA
Gladis,Kazemi,70644403666,gkazemi@kazemi.net.au,,BCA
Muriel,Drozdowski,70568608088,muriel_drozdowski@hotmail.com,,BCA
Juliann,Dammeyer,80356208644,juliann@gmail.com,,BCA
Reiko,Dejarme,80373305261,rdejarme@dejarme.net.au,,BCA
Verdell,Garness,20629107620,verdell.garness@yahoo.com,,BCA
Arleen,Kane,70347602066,arleen.kane@hotmail.com,,BCA
Launa,Vanauken,80980802647,launa@gmail.com,,BCA
Casandra,Gordis,20580806388,casandra_gordis@gordis.com.au,,BCA
Julio,Puccini,20563209914,julio@gmail.com,,BCA
Alica,Alerte,20697407785,aalerte@alerte.com.au,,BCA
Karol,Sarkissian,20349002407,ksarkissian@yahoo.com,,BCA
Wava,Ochs,20122207812,wava.ochs@gmail.com,,BCA
Felicitas,Gong,70851606453,fgong@gong.com.au,,BCA
Jamie,Kushnir,20462308120,jamie@kushnir.net.au,,BCA
Fidelia,Dampier,20803509997,fidelia_dampier@gmail.com,,BCA
Kris,Medich,30658902556,kris.medich@hotmail.com,,BCA
Lashawna,Filan,80693704366,lashawna.filan@filan.net.au,,BCA
Lachelle,Andrzejewski,20341609617,lachelle.andrzejewski@andrzejewski.com.au,,BCA
Katy,Saltourides,20300301369,katy_saltourides@yahoo.com,,BCA
Bettyann,Fernades,80290103421,bettyann@fernades.com.au,,BCA
Valda,Levay,80240105672,vlevay@levay.net.au,,BCA
Lynette,Beaureguard,70667903722,lynette.beaureguard@hotmail.com,,BCA
Victor,Laroia,20815606969,victor@laroia.net.au,,BCA
Pa,Badgero,30186105074,pa_badgero@badgero.com.au,,BCA
Dorathy,Miskelly,30634009772,dorathy.miskelly@gmail.com,,BCA
Rodrigo,Schuh,20386904096,rodrigo_schuh@gmail.com,,BCA
Stanford,Waganer,80320001670,stanford_waganer@waganer.net.au,,BCA
Michael,Orehek,20191901709,michael_orehek@gmail.com,,BCA
Ines,Tokich,70501707337,ines_tokich@tokich.net.au,,BCA
Dorinda,Markoff,20652909317,dorinda_markoff@hotmail.com,,B.COM
Clarence,Gabbert,20477601384,clarence.gabbert@gmail.com,,B.COM
Omer,Radel,80991909540,omer_radel@radel.net.au,,B.COM
Winifred,Kingshott,20531801342,winifred.kingshott@yahoo.com,,B.COM
Theresia,Salomone,70825002277,theresia_salomone@gmail.com,,B.COM
Daisy,Kearsey,80212705977,dkearsey@yahoo.com,,B.COM
Aretha,Bodle,80738502716,aretha_bodle@hotmail.com,,B.COM
Bettina,Diciano,20356607608,bdiciano@diciano.com.au,,B.COM
Omega,Mangino,30662305501,omega.mangino@hotmail.com,,B.COM
Dana,Vock,20668901150,dana_vock@yahoo.com,,B.COM
Naomi,Tuamoheloa,80613701726,naomi@yahoo.com,,B.COM
Luis,Yerry,30449204927,luis@hotmail.com,,B.COM
Dominga,Barchacky,80308709658,dominga.barchacky@hotmail.com,,B.COM
Isreal,Calizo,20349403282,isreal_calizo@gmail.com,,B.COM
Myrtie,Korba,80317402706,mkorba@hotmail.com,,B.COM
Jodi,Naifeh,20619305184,jodi@hotmail.com,,B.COM
Pearly,Hedstrom,80341206699,pearly@gmail.com,,B.COM
Aileen,Menez,80119602822,aileen_menez@menez.net.au,,B.COM
Glory,Carlo,70926507183,glory_carlo@gmail.com,,B.COM
Kathrine,Francoise,30879109436,kathrine@yahoo.com,,B.COM
Domingo,Mckale,80991907850,domingo_mckale@mckale.net.au,,B.COM
Julian,Laprade,70262709976,jlaprade@laprade.net.au,,B.COM
Marylou,Lofts,30176504584,marylou_lofts@lofts.com.au,,B.COM
Louis,Brueck,80522803628,louis.brueck@brueck.net.au,,B.COM
Ellsworth,Guenther,30274901381,eguenther@hotmail.com,,B.COM
Wilburn,Lary,80104204275,wlary@lary.net.au,,B.COM
Arlie,Borra,20121103823,arlie.borra@gmail.com,,B.COM
Alysa,Lehoux,20138503480,alysa@hotmail.com,,B.COM
Marilynn,Herrera,30144707041,marilynn.herrera@herrera.net.au,,B.COM
Scot,Jarva,20967604462,scot.jarva@jarva.com.au,,B.COM
Adelaide,Ender,70753805504,aender@gmail.com,,B.COM
Jackie,Borchelt,30805508668,jackie_borchelt@hotmail.com,,B.COM
Carli,Bame,70535407251,carli@yahoo.com,,B.COM
Coletta,Thro,80199106947,coletta.thro@thro.net.au,,B.COM
Katheryn,Lamers,20488501611,katheryn_lamers@gmail.com,,B.COM
Santos,Wisenbaker,20295704812,swisenbaker@wisenbaker.net.au,,B.COM
Kimberely,Weyman,20709108948,kweyman@weyman.com.au,,B.COM
Earlean,Suffern,20965302199,earlean.suffern@suffern.net.au,,B.COM
Dannette,Heimbaugh,70873804205,dannette@gmail.com,,B.COM
Odelia,Hutchin,80989501954,odelia.hutchin@hutchin.com.au,,B.COM
Lina,Schwiebert,30360805660,lina@yahoo.com,,B.COM
Fredric,Johanningmeie,20182701736,fredric@hotmail.com,,B.COM
Alfreda,Delsoin,70736908849,adelsoin@yahoo.com,,B.COM
Bernadine,Elamin,20181508700,bernadine_elamin@yahoo.com,,B.COM
Ming,Thaxton,30401001900,mthaxton@gmail.com,,B.COM
Gracia,Pecot,20808103883,gpecot@hotmail.com,,B.COM
Yuette,Metevelis,80470008894,yuette.metevelis@metevelis.net.au,,B.COM
Yuriko,Kazarian,80110905346,yuriko_kazarian@gmail.com,,BBA
Hyman,Hegeman,80928009177,hyman@hotmail.com,,BBA
Linette,Summerfield,70748907577,linette.summerfield@hotmail.com,,BBA
Jospeh,Couzens,30845107537,jospeh.couzens@couzens.com.au,,BBA
Anna,Ovit,20464905341,anna.ovit@hotmail.com,,BBA
Shawnta,Woodhams,20577008546,shawnta@woodhams.com.au,,BBA
Ettie,Luckenbach,80937807021,ettie@yahoo.com,,BBA
Chara,Leveston,30257408915,cleveston@gmail.com,,BBA
Lauran,Huntsberger,80270403706,lhuntsberger@huntsberger.net.au,,BBA
Pansy,Todesco,30323304255,pansy_todesco@gmail.com,,BBA
Georgeanna,Silverstone,30741606750,georgeanna@silverstone.net.au,,BBA
Jesus,Liversedge,20441805927,jesus.liversedge@hotmail.com,,BBA
Jamey,Tetter,70607305039,jamey.tetter@gmail.com,,BBA
Alberta,Motter,30124808221,alberta_motter@hotmail.com,,BBA
Ronald,Grube,80330505436,ronald.grube@yahoo.com,,BBA
Tamala,Hickie,30369502399,tamala_hickie@yahoo.com,,BBA
Gerry,Mohrmann,80139902471,gerry_mohrmann@mohrmann.net.au,,BBA
Isaiah,Kueter,30372506290,ikueter@kueter.com.au,,BBA
Magnolia,Overbough,20794702980,moverbough@overbough.com.au,,BBA
Ngoc,Guglielmina,80226405559,ngoc_guglielmina@hotmail.com,,BBA
Julene,Lauretta,30103609594,julene.lauretta@gmail.com,,BBA
Magda,Lindbeck,20371303646,magda_lindbeck@yahoo.com,,BBA
Shantell,Lizama,70534605917,shantell.lizama@gmail.com,,BBA
Audria,Piccinich,80975702379,audria.piccinich@gmail.com,,BBA
Nickole,Derenzis,20557306627,nderenzis@hotmail.com,,BBA
Grover,Reynolds,80778503040,grover.reynolds@gmail.com,,BBA
Rocco,Bergstrom,80398707521,rocco@yahoo.com,,BBA
Ethan,Quintero,80828009492,ethan_quintero@quintero.com.au,,BBA
Glynda,Sanzenbacher,30105107865,glynda@sanzenbacher.com.au,,BBA
Yolande,Scrimsher,80213602433,yolande@yahoo.com,,BBA
Twanna,Sieber,70523507319,twanna@yahoo.com,,BBA
Rosenda,Petteway,30959904122,rosenda@gmail.com,,BBA
Lacey,Francis,70411903981,lacey.francis@francis.net.au,,BBA
Cordie,Meikle,20872704906,cordie.meikle@hotmail.com,,BBA
Annalee,Graleski,20611808773,annalee.graleski@hotmail.com,,BBA
Dana,Ladeau,70351109233,dana@ladeau.net.au,,BBA
Wai,Raddle,30481103832,wai.raddle@raddle.com.au,,BBA
Johana,Conquest,80657907569,johana@conquest.net.au,,BBA
Tomas,Fults,70153604805,tomas_fults@fults.net.au,,BBA
Karon,Etzler,30669808416,karon@hotmail.com,,BBA
Delbert,Houben,30156006800,delbert.houben@hotmail.com,,BBA
Ashleigh,Rimmer,30535409557,ashleigh.rimmer@hotmail.com,,BBA
Nenita,Mckenna,20505902649,nmckenna@yahoo.com,,BBA
Micah,Shear,80627006829,mshear@hotmail.com,,BBA
Stefany,Figueras,80220908647,stefany@figueras.net.au,,BBA
Rene,Burnsworth,80822203171,rene@burnsworth.net.au,,BBA
Cary,Orazine,80771808495,cary.orazine@hotmail.com,,BBA
Micheal,Ocken,20982804921,micheal.ocken@ocken.net.au,,BBA
Frederick,Tamburello,30480007102,frederick.tamburello@hotmail.com,,BBA
Burma,Noa,30643804586,burma.noa@gmail.com,,BBA
Cherry,Roh,80517503585,cherry_roh@yahoo.com,,BBA
Gabriele,Frabotta,30268906049,gabriele_frabotta@gmail.com,,BBA
Clement,Chee,30277504083,clement@hotmail.com,,BBA
Beckie,Apodace,20563003114,bapodace@gmail.com,,BBA
Catrice,Fowlkes,70903205149,cfowlkes@hotmail.com,,BBA
Richelle,Remillard,80683106370,richelle.remillard@remillard.net.au,,BBA
Cherri,Miccio,70562607937,cherri_miccio@gmail.com,,BBA
Dorethea,Taketa,70220902731,dtaketa@taketa.net.au,,BBA
Barb,Latina,80850607259,blatina@hotmail.com,,BBA
Bettye,Meray,30942402956,bmeray@yahoo.com,,BBA
Sherrell,Sprowl,20407404461,sherrell_sprowl@hotmail.com,,B.COM
Ruth,Niglio,70512808956,ruth.niglio@hotmail.com,,B.COM
Alva,Shoulders,80832904211,alva@gmail.com,,B.COM
Carri,Palaspas,80606901579,carri_palaspas@palaspas.net.au,,B.COM
Onita,Milbrandt,20115703829,onita.milbrandt@milbrandt.com.au,,B.COM
Jessenia,Sarp,80887805994,jsarp@hotmail.com,,B.COM
Tricia,Peressini,80432601560,tperessini@yahoo.com,,B.COM
Stephaine,Manin,70203106566,stephaine_manin@yahoo.com,,B.COM
Florinda,Gudgel,20250108301,fgudgel@gudgel.com.au,,B.COM
Marsha,Farnham,20540208024,marsha@farnham.com.au,,B.COM
Josefa,Oakland,70540406221,josefa_oakland@oakland.com.au,,B.COM
Deeann,Nicklous,70638205073,deeann_nicklous@gmail.com,,B.COM
Jeannetta,Vonstaden,20822209319,jvonstaden@gmail.com,,B.COM
Desmond,Amuso,20170608506,desmond@hotmail.com,,B.COM
Trina,Bakey,70592201983,tbakey@bakey.com.au,,B.COM
Ramonita,Picotte,20436008467,ramonita_picotte@yahoo.com,,B.COM
Temeka,Bodine,20258107479,temeka.bodine@gmail.com,,B.COM
Bea,Iida,70698409278,bea_iida@iida.net.au,,B.COM
Soledad,Mockus,20129108182,soledad_mockus@yahoo.com,,B.COM
Margurite,Okon,30972107313,margurite.okon@hotmail.com,,B.COM
Artie,Saine,30345702524,artie_saine@yahoo.com,,B.COM
Major,Studwell,70137706898,major@gmail.com,,B.COM
Veronika,Buchauer,20420205191,veronika.buchauer@buchauer.net.au,,B.COM
Christene,Cisney,30363002467,christene@hotmail.com,,B.COM
Miles,Feldner,70856105894,miles@hotmail.com,,B.COM
Julio,Mikel,20699509902,julio.mikel@mikel.net.au,,B.COM
Aide,Ghera,20373807508,aide.ghera@ghera.com.au,,B.COM
Noelia,Brackett,80377303770,noelia@brackett.net.au,,B.COM
Lenora,Delacruz,20786205151,lenora@delacruz.net.au,,B.COM